Title,Company,Link
모바일 개발자 (Flutter),포들러스,https://www.wanted.co.kr/wd/220875
프론트엔드(web/플러터) 엔지니어 (제주본사/판교근무),피플밤,https://www.wanted.co.kr/wd/220848
플러터 개발자 (3년 이상),다이노즈,https://www.wanted.co.kr/wd/203296
웹/모바일 클라이언트(React/Flutter) 개발자,엘에스엠케이(LSMK),https://www.wanted.co.kr/wd/214936
Flutter 모바일 개발자,헥슬란트,https://www.wanted.co.kr/wd/218591
플러터 개발자,모노리스,https://www.wanted.co.kr/wd/194856
크로스플랫폼 앱 개발자(Flutter) (SW팀),이노버스,https://www.wanted.co.kr/wd/214854
[Plus]Flutter 개발자,앤서스랩코리아,https://www.wanted.co.kr/wd/214495
모바일 개발자 (Flutter),포들러스,https://www.wanted.co.kr/wd/220875
프론트엔드(web/플러터) 엔지니어 (제주본사/판교근무),피플밤,https://www.wanted.co.kr/wd/220848
플러터 개발자 (3년 이상),다이노즈,https://www.wanted.co.kr/wd/203296
웹/모바일 클라이언트(React/Flutter) 개발자,엘에스엠케이(LSMK),https://www.wanted.co.kr/wd/214936
Flutter 모바일 개발자,헥슬란트,https://www.wanted.co.kr/wd/218591
플러터 개발자,모노리스,https://www.wanted.co.kr/wd/194856
크로스플랫폼 앱 개발자(Flutter) (SW팀),이노버스,https://www.wanted.co.kr/wd/214854
[Plus]Flutter 개발자,앤서스랩코리아,https://www.wanted.co.kr/wd/214495
Flutter 앱 & Node.js 개발자(신입 지원가능),인졀미,https://www.wanted.co.kr/wd/210056
모바일/웹 클라이언트(flutter) 개발자(1년),스쿨버스,https://www.wanted.co.kr/wd/201909
Flutter 모바일 앱 개발자,니더(급구),https://www.wanted.co.kr/wd/221632
Flutter(Android) 엔지니어 (전문연 가능),아이엠랩(I.M.LAB),https://www.wanted.co.kr/wd/220299
Mobile (Flutter) 개발자 (4년 이상),큐픽스,https://www.wanted.co.kr/wd/207359
Front-end 개발자(Flutter/앱) (7년이상),먼슬리키친,https://www.wanted.co.kr/wd/216792
Flutter 개발자,코보시스,https://www.wanted.co.kr/wd/99737
Flutter 모바일 개발,버터플라잉,https://www.wanted.co.kr/wd/215084
[100억↑투자] 모바일 App 개발자(Flutter),비엘큐(테스트밸리),https://www.wanted.co.kr/wd/181248
Flutter 앱 개발자,비사이드코리아,https://www.wanted.co.kr/wd/120367
플러터 개발자,비밀리,https://www.wanted.co.kr/wd/170344
Flutter 앱 & Node.js 개발자,인졀미,https://www.wanted.co.kr/wd/210107
Flutter 개발자 (병역특례_현역/보충역),넛지헬스케어(캐시워크),https://www.wanted.co.kr/wd/168259
Flutter 모바일 개발,인피니티익스체인지코리아,https://www.wanted.co.kr/wd/222156
Flutter 개발자,섬재,https://www.wanted.co.kr/wd/222046
ReactNative(Flutter) Frontend Engineer,보닥(아이지넷),https://www.wanted.co.kr/wd/222035
Flutter 앱 개발자,플랙스뉴럴랩스,https://www.wanted.co.kr/wd/151186
"프론트엔드 / 모바일 (Vue, Flutter) 엔지니어",드래프티파이,https://www.wanted.co.kr/wd/220132
Flutter 개발자(2년 이상),디원더,https://www.wanted.co.kr/wd/219726
플러터 개발자 (2년 이상),한국모바일결제,https://www.wanted.co.kr/wd/215537
앱 개발자(Flutter) (신규 웹소설 플랫폼),미스터블루,https://www.wanted.co.kr/wd/166491
모바일 앱 개발자 (Flutter),에스케이디앤디(SK D&D),https://www.wanted.co.kr/wd/143640
Flutter 개발,캔랩코리아,https://www.wanted.co.kr/wd/217367
[삼쩜삼] Mobile Engineer(Flutter),자비스앤빌런즈(삼쩜삼),https://www.wanted.co.kr/wd/217806
[200억↑투자] Flutter 앱 개발자,바로팜,https://www.wanted.co.kr/wd/211680
플랫폼 파트 - Flutter 개발 (주니어),어스얼라이언스,https://www.wanted.co.kr/wd/215136
"플러터 개발자(2,3년차 이상)",씨에이치앤,https://www.wanted.co.kr/wd/213777
[100억↑투자] Mobile App Developer(Flutter),아임웹,https://www.wanted.co.kr/wd/182668
플러터 개발자 (3년 이상),더블유클럽,https://www.wanted.co.kr/wd/73811
Flutter 플러터 앱 엔지니어,밀크코퍼레이션,https://www.wanted.co.kr/wd/161675
Flutter 개발자,잇티,https://www.wanted.co.kr/wd/217973
프론트엔드 개발자 (Flutter),111퍼센트,https://www.wanted.co.kr/wd/218337
플러터 개발자,피에트(FIET),https://www.wanted.co.kr/wd/209183
[500억↑투자] 프론트엔드 개발자 (React-native / flutter),아파트멘터리,https://www.wanted.co.kr/wd/165183
Flutter 프론트 개발자,마이크로프로텍트,https://www.wanted.co.kr/wd/205308
아파트사업본부 APP(아보카도)개발 - Junior (flutter),더즌(dozn),https://www.wanted.co.kr/wd/207323
클라이언트팀 Flutter 개발자,로완,https://www.wanted.co.kr/wd/209205
"[100억↑투자] App 개발(Flutter, Android, iOS)",비엘큐(테스트밸리),https://www.wanted.co.kr/wd/87917
모바일 앱 소프트웨어 개발 (Flutter / iOS / Android),블록체인랩스,https://www.wanted.co.kr/wd/138923
